price,brandTag
₹399,Jeton
₹776,PROVOGUE
₹799,WROGN
₹739,WROGN
"₹1,279",PROVOGUE
₹776,PROVOGUE
₹491,WROGN
₹399,Jeton
₹649,aob
₹659,SKYBAGS
₹629,SKYBAGS
₹935,Roadster
₹639,Roadster
"₹1,500",Wildcraft
₹248,PLEXY
₹719,SAFARI
₹739,WROGN
₹249,Mi
₹659,SAFARI
₹721,GOLD SKY
₹491,WROGN
₹262,PLEXY
₹780,PROVOGUE
₹580,KEYWIN
₹776,PROVOGUE
₹229,Arctic Fox
₹479,Roadster
₹450,Fly Fashion
₹679,Roadster
₹374,sky spirit
₹946,PROVOGUE
₹729,SAFARI
₹299,WILLING FASHION
"₹1,149",AMERICAN TOURISTER
₹899,SAFARI
₹533,Keywin
"₹1,089",AMERICAN TOURISTER
₹248,PLEXY
"₹1,279",PROVOGUE
₹776,PROVOGUE
